{"cameraMode":{"drawMode":0,"name":"Shaded","section":"Shading Mode"},"sceneLighting":true,"audioPlay":false,"sceneViewState":{"m_AlwaysRefresh":false,"showFog":false,"showSkybox":false,"showFlares":false,"showImageEffects":true,"showParticleSystems":true,"showVisualEffectGraphs":true,"m_FxEnabled":false},"in2DMode":false,"pivot":{"x":25.426836013793947,"y":377.8504943847656,"z":-302.19879150390627},"rotation":{"x":0.42929017543792727,"y":-0.04873186722397804,"z":0.023203352466225625,"w":0.9015580415725708},"size":14.561788558959961,"orthographic":true}