{"cameraMode":{"drawMode":0,"name":"Shaded","section":"Shading Mode"},"sceneLighting":false,"audioPlay":false,"sceneViewState":{"m_AlwaysRefresh":false,"showFog":false,"showSkybox":false,"showFlares":false,"showImageEffects":true,"showParticleSystems":true,"showVisualEffectGraphs":true,"m_FxEnabled":false},"in2DMode":false,"pivot":{"x":-13.081001281738282,"y":-3.273404598236084,"z":0.3800002634525299},"rotation":{"x":-0.2741357386112213,"y":0.14099359512329102,"z":-0.040702175348997119,"w":-0.9504522085189819},"size":0.21523629128932954,"orthographic":false}