{"cameraMode":{"drawMode":0,"name":"Shaded","section":"Shading Mode"},"sceneLighting":false,"audioPlay":false,"sceneViewState":{"m_AlwaysRefresh":false,"showFog":false,"showSkybox":false,"showFlares":false,"showImageEffects":true,"showParticleSystems":true,"showVisualEffectGraphs":true,"m_FxEnabled":false},"in2DMode":false,"pivot":{"x":4.9874958992004398,"y":0.36517953872680666,"z":-0.21530449390411378},"rotation":{"x":-0.14114917814731599,"y":-0.6941046118736267,"z":0.14163078367710114,"w":-0.6915728449821472},"size":1.9589208364486695,"orthographic":false}